lattitude,longitude,date_time,temperature,day_1,day_1_h,day_1_h_time,day_1_l,day_1_l_time,day_2,day_2_h,day_2_h_time,day_2_l,day_2_l_time,day_3,day_3_h,day_3_h_time,day_3_l,day_3_l_time,day_4,day_4_h,day_4_h_time,day_4_l,day_4_l_time,day_5,day_5_h,day_5_h_time,day_5_l,day_5_l_time,day_6,day_6_h,day_6_h_time,day_6_l,day_6_l_time,day_7,day_7_h,day_7_h_time,day_7_l,day_7_l_time,day_8,day_8_h,day_8_h_time,day_8_l,day_8_l_time
30.183475,-81.8026334,11/18/2017 20:52,62.32,11/18/2017 0:00,78.08,11/18/2017 15:00,60.38,11/19/2017 0:00,11/19/2017 0:00,62.73,11/19/2017 9:00,40.24,11/20/2017 6:00,11/20/2017 0:00,65.25,11/20/2017 14:00,58.75,11/20/2017 19:00,11/21/2017 0:00,71.08,11/21/2017 13:00,59.25,11/22/2017 7:00,11/22/2017 0:00,63.3,11/22/2017 13:00,57.02,11/23/2017 7:00,11/23/2017 0:00,57.4,11/23/2017 9:00,48.25,11/24/2017 7:00,11/24/2017 0:00,58.64,11/24/2017 15:00,42.52,11/25/2017 6:00,11/25/2017 0:00,63.34,11/25/2017 15:00,47.57,11/26/2017 7:00
30.183475,-81.8026334,11/18/2017 21:09,61.94,11/18/2017 0:00,78.08,11/18/2017 15:00,60.38,11/19/2017 0:00,11/19/2017 0:00,62.73,11/19/2017 9:00,40.24,11/20/2017 6:00,11/20/2017 0:00,65.25,11/20/2017 14:00,58.75,11/20/2017 19:00,11/21/2017 0:00,71.08,11/21/2017 13:00,59.25,11/22/2017 7:00,11/22/2017 0:00,63.3,11/22/2017 13:00,57.02,11/23/2017 7:00,11/23/2017 0:00,57.4,11/23/2017 9:00,48.25,11/24/2017 7:00,11/24/2017 0:00,58.64,11/24/2017 15:00,42.52,11/25/2017 6:00,11/25/2017 0:00,63.34,11/25/2017 15:00,47.57,11/26/2017 7:00
30.183475,-81.8026334,2017-11-18 21:17:13,61.77,2017-11-18 00:00:00,78.08,2017-11-18 15:00:00,61.05,2017-11-18 22:00:00,2017-11-19 00:00:00,62.47,2017-11-19 09:00:00,40.22,2017-11-20 06:00:00,2017-11-20 00:00:00,65.44,2017-11-20 14:00:00,58.84,2017-11-20 19:00:00,2017-11-21 00:00:00,71.3,2017-11-21 13:00:00,59.32,2017-11-22 06:00:00,2017-11-22 00:00:00,63.52,2017-11-22 13:00:00,57.28,2017-11-23 07:00:00,2017-11-23 00:00:00,57.29,2017-11-23 08:00:00,48.27,2017-11-24 06:00:00,2017-11-24 00:00:00,58.72,2017-11-24 15:00:00,42.49,2017-11-25 06:00:00,2017-11-25 00:00:00,63.42,2017-11-25 15:00:00,47.65,2017-11-26 06:00:00
30.183475,-81.8026334,2017-11-18 21:26:18,61.62,2017-11-18 00:00:00,78.08,2017-11-18 15:00:00,61.05,2017-11-18 22:00:00,2017-11-19 00:00:00,62.47,2017-11-19 09:00:00,40.22,2017-11-20 06:00:00,2017-11-20 00:00:00,65.44,2017-11-20 14:00:00,58.84,2017-11-20 19:00:00,2017-11-21 00:00:00,71.3,2017-11-21 13:00:00,59.32,2017-11-22 06:00:00,2017-11-22 00:00:00,63.52,2017-11-22 13:00:00,57.28,2017-11-23 07:00:00,2017-11-23 00:00:00,57.29,2017-11-23 08:00:00,48.27,2017-11-24 06:00:00,2017-11-24 00:00:00,58.72,2017-11-24 15:00:00,42.49,2017-11-25 06:00:00,2017-11-25 00:00:00,63.42,2017-11-25 15:00:00,47.65,2017-11-26 06:00:00
30.183475,-81.8026334,2017-11-18 21:27:19,61.6,2017-11-18 00:00:00,78.08,2017-11-18 15:00:00,61.05,2017-11-18 22:00:00,2017-11-19 00:00:00,62.47,2017-11-19 09:00:00,40.22,2017-11-20 06:00:00,2017-11-20 00:00:00,65.44,2017-11-20 14:00:00,58.84,2017-11-20 19:00:00,2017-11-21 00:00:00,71.3,2017-11-21 13:00:00,59.32,2017-11-22 06:00:00,2017-11-22 00:00:00,63.52,2017-11-22 13:00:00,57.28,2017-11-23 07:00:00,2017-11-23 00:00:00,57.29,2017-11-23 08:00:00,48.27,2017-11-24 06:00:00,2017-11-24 00:00:00,58.72,2017-11-24 15:00:00,42.49,2017-11-25 06:00:00,2017-11-25 00:00:00,63.42,2017-11-25 15:00:00,47.65,2017-11-26 06:00:00
30.183475,-81.8026334,2017-11-19 10:11:38,63.63,2017-11-19 00:00:00,65.92,2017-11-19 08:00:00,40.06,2017-11-20 06:00:00,2017-11-20 00:00:00,66.43,2017-11-20 14:00:00,58.51,2017-11-20 20:00:00,2017-11-21 00:00:00,70.37,2017-11-21 13:00:00,58.23,2017-11-22 06:00:00,2017-11-22 00:00:00,68.29,2017-11-22 14:00:00,57,2017-11-23 06:00:00,2017-11-23 00:00:00,63.06,2017-11-23 11:00:00,55.6,2017-11-24 08:00:00,2017-11-24 00:00:00,64.07,2017-11-24 14:00:00,47.25,2017-11-25 06:00:00,2017-11-25 00:00:00,66.17,2017-11-25 15:00:00,44.2,2017-11-26 06:00:00,2017-11-26 00:00:00,69.46,2017-11-26 15:00:00,47.88,2017-11-27 06:00:00
30.183475,-81.8026334,2017-11-19 10:11:54,63.62,2017-11-19 00:00:00,65.92,2017-11-19 08:00:00,40.06,2017-11-20 06:00:00,2017-11-20 00:00:00,66.43,2017-11-20 14:00:00,58.51,2017-11-20 20:00:00,2017-11-21 00:00:00,70.37,2017-11-21 13:00:00,58.23,2017-11-22 06:00:00,2017-11-22 00:00:00,68.29,2017-11-22 14:00:00,57,2017-11-23 06:00:00,2017-11-23 00:00:00,63.06,2017-11-23 11:00:00,55.6,2017-11-24 08:00:00,2017-11-24 00:00:00,64.07,2017-11-24 14:00:00,47.25,2017-11-25 06:00:00,2017-11-25 00:00:00,66.17,2017-11-25 15:00:00,44.2,2017-11-26 06:00:00,2017-11-26 00:00:00,69.46,2017-11-26 15:00:00,47.88,2017-11-27 06:00:00
30.183475,-81.8026334,2017-11-19 10:18:10,63.14,2017-11-19 00:00:00,65.92,2017-11-19 08:00:00,40.63,2017-11-20 06:00:00,2017-11-20 00:00:00,66.43,2017-11-20 14:00:00,58.51,2017-11-20 20:00:00,2017-11-21 00:00:00,70.37,2017-11-21 13:00:00,58.23,2017-11-22 06:00:00,2017-11-22 00:00:00,68.29,2017-11-22 14:00:00,57,2017-11-23 06:00:00,2017-11-23 00:00:00,63.06,2017-11-23 11:00:00,55.6,2017-11-24 08:00:00,2017-11-24 00:00:00,64.07,2017-11-24 14:00:00,47.25,2017-11-25 06:00:00,2017-11-25 00:00:00,66.17,2017-11-25 15:00:00,44.2,2017-11-26 06:00:00,2017-11-26 00:00:00,69.46,2017-11-26 15:00:00,47.88,2017-11-27 06:00:00
30.183475,-81.8026334,2017-11-19 10:19:35,63.1,2017-11-19 00:00:00,65.92,2017-11-19 08:00:00,40.63,2017-11-20 06:00:00,2017-11-20 00:00:00,66.83,2017-11-20 15:00:00,58.51,2017-11-20 20:00:00,2017-11-21 00:00:00,70.37,2017-11-21 13:00:00,58.23,2017-11-22 06:00:00,2017-11-22 00:00:00,68.29,2017-11-22 14:00:00,57,2017-11-23 06:00:00,2017-11-23 00:00:00,63.06,2017-11-23 11:00:00,55.6,2017-11-24 08:00:00,2017-11-24 00:00:00,64.07,2017-11-24 14:00:00,47.25,2017-11-25 06:00:00,2017-11-25 00:00:00,66.17,2017-11-25 15:00:00,44.2,2017-11-26 06:00:00,2017-11-26 00:00:00,69.46,2017-11-26 15:00:00,47.88,2017-11-27 06:00:00
30.183475,-81.8026334,2017-11-19 10:20:06,63.09,2017-11-19 00:00:00,65.92,2017-11-19 08:00:00,40.63,2017-11-20 06:00:00,2017-11-20 00:00:00,66.83,2017-11-20 15:00:00,58.85,2017-11-20 20:00:00,2017-11-21 00:00:00,70.37,2017-11-21 13:00:00,58.23,2017-11-22 06:00:00,2017-11-22 00:00:00,68.29,2017-11-22 14:00:00,57,2017-11-23 06:00:00,2017-11-23 00:00:00,63.06,2017-11-23 11:00:00,55.6,2017-11-24 08:00:00,2017-11-24 00:00:00,64.07,2017-11-24 14:00:00,47.25,2017-11-25 06:00:00,2017-11-25 00:00:00,66.17,2017-11-25 15:00:00,44.2,2017-11-26 06:00:00,2017-11-26 00:00:00,69.46,2017-11-26 15:00:00,47.88,2017-11-27 06:00:00
30.183475,-81.8026334,2017-11-19 10:29:47,62.84,2017-11-19 00:00:00,65.92,2017-11-19 08:00:00,40.63,2017-11-20 06:00:00,2017-11-20 00:00:00,66.83,2017-11-20 15:00:00,58.85,2017-11-20 20:00:00,2017-11-21 00:00:00,69.75,2017-11-21 12:00:00,58.08,2017-11-22 06:00:00,2017-11-22 00:00:00,67.1,2017-11-22 13:00:00,57,2017-11-23 06:00:00,2017-11-23 00:00:00,63.06,2017-11-23 11:00:00,55.6,2017-11-24 08:00:00,2017-11-24 00:00:00,64.07,2017-11-24 14:00:00,47.25,2017-11-25 06:00:00,2017-11-25 00:00:00,66.17,2017-11-25 15:00:00,44.2,2017-11-26 06:00:00,2017-11-26 00:00:00,69.46,2017-11-26 15:00:00,47.88,2017-11-27 06:00:00
30.183475,-81.8026334,2017-11-19 10:30:47,62.81,2017-11-19 00:00:00,65.92,2017-11-19 08:00:00,40.63,2017-11-20 06:00:00,2017-11-20 00:00:00,66.83,2017-11-20 15:00:00,58.85,2017-11-20 20:00:00,2017-11-21 00:00:00,69.75,2017-11-21 12:00:00,58.08,2017-11-22 06:00:00,2017-11-22 00:00:00,67.1,2017-11-22 13:00:00,57,2017-11-23 06:00:00,2017-11-23 00:00:00,63.06,2017-11-23 11:00:00,55.6,2017-11-24 08:00:00,2017-11-24 00:00:00,64.07,2017-11-24 14:00:00,47.25,2017-11-25 06:00:00,2017-11-25 00:00:00,66.17,2017-11-25 15:00:00,44.2,2017-11-26 06:00:00,2017-11-26 00:00:00,69.46,2017-11-26 15:00:00,47.88,2017-11-27 06:00:00
30.183475,-81.8026334,2017-11-19 10:30:57,62.81,2017-11-19 00:00:00,65.92,2017-11-19 08:00:00,40.63,2017-11-20 06:00:00,2017-11-20 00:00:00,66.83,2017-11-20 15:00:00,58.85,2017-11-20 20:00:00,2017-11-21 00:00:00,69.75,2017-11-21 12:00:00,58.08,2017-11-22 06:00:00,2017-11-22 00:00:00,67.1,2017-11-22 13:00:00,57,2017-11-23 06:00:00,2017-11-23 00:00:00,63.06,2017-11-23 11:00:00,55.6,2017-11-24 08:00:00,2017-11-24 00:00:00,64.07,2017-11-24 14:00:00,47.25,2017-11-25 06:00:00,2017-11-25 00:00:00,66.17,2017-11-25 15:00:00,44.2,2017-11-26 06:00:00,2017-11-26 00:00:00,69.46,2017-11-26 15:00:00,47.88,2017-11-27 06:00:00
30.183475,-81.8026334,2017-11-19 10:33:11,62.75,2017-11-19 00:00:00,65.92,2017-11-19 08:00:00,40.63,2017-11-20 06:00:00,2017-11-20 00:00:00,66.83,2017-11-20 15:00:00,58.85,2017-11-20 20:00:00,2017-11-21 00:00:00,69.75,2017-11-21 12:00:00,58.08,2017-11-22 06:00:00,2017-11-22 00:00:00,67.1,2017-11-22 13:00:00,57,2017-11-23 06:00:00,2017-11-23 00:00:00,63.06,2017-11-23 11:00:00,55.6,2017-11-24 08:00:00,2017-11-24 00:00:00,64.07,2017-11-24 14:00:00,47.25,2017-11-25 06:00:00,2017-11-25 00:00:00,66.17,2017-11-25 15:00:00,44.2,2017-11-26 06:00:00,2017-11-26 00:00:00,69.46,2017-11-26 15:00:00,47.88,2017-11-27 06:00:00
30.183475,-81.8026334,2017-11-19 10:35:44,62.68,2017-11-19 00:00:00,65.92,2017-11-19 08:00:00,40.63,2017-11-20 06:00:00,2017-11-20 00:00:00,66.83,2017-11-20 15:00:00,58.85,2017-11-20 20:00:00,2017-11-21 00:00:00,69.75,2017-11-21 12:00:00,58.08,2017-11-22 06:00:00,2017-11-22 00:00:00,67.1,2017-11-22 13:00:00,57,2017-11-23 06:00:00,2017-11-23 00:00:00,63.06,2017-11-23 11:00:00,55.6,2017-11-24 08:00:00,2017-11-24 00:00:00,64.07,2017-11-24 14:00:00,47.25,2017-11-25 06:00:00,2017-11-25 00:00:00,66.17,2017-11-25 15:00:00,44.2,2017-11-26 06:00:00,2017-11-26 00:00:00,69.46,2017-11-26 15:00:00,47.88,2017-11-27 06:00:00
30.183475,-81.8026334,2017-11-19 10:36:59,64.86,2017-11-19 00:00:00,65.92,2017-11-19 08:00:00,40.63,2017-11-20 06:00:00,2017-11-20 00:00:00,66.83,2017-11-20 15:00:00,58.85,2017-11-20 20:00:00,2017-11-21 00:00:00,69.75,2017-11-21 12:00:00,58.08,2017-11-22 06:00:00,2017-11-22 00:00:00,67.1,2017-11-22 13:00:00,57,2017-11-23 06:00:00,2017-11-23 00:00:00,63.06,2017-11-23 11:00:00,55.6,2017-11-24 08:00:00,2017-11-24 00:00:00,64.07,2017-11-24 14:00:00,47.25,2017-11-25 06:00:00,2017-11-25 00:00:00,66.17,2017-11-25 15:00:00,44.2,2017-11-26 06:00:00,2017-11-26 00:00:00,69.46,2017-11-26 15:00:00,47.88,2017-11-27 06:00:00
30.183475,-81.8026334,2017-11-19 10:39:34,64.8,2017-11-19 00:00:00,65.92,2017-11-19 08:00:00,40.63,2017-11-20 06:00:00,2017-11-20 00:00:00,66.83,2017-11-20 15:00:00,58.85,2017-11-20 20:00:00,2017-11-21 00:00:00,69.75,2017-11-21 12:00:00,58.08,2017-11-22 06:00:00,2017-11-22 00:00:00,67.1,2017-11-22 13:00:00,57,2017-11-23 06:00:00,2017-11-23 00:00:00,63.06,2017-11-23 11:00:00,55.6,2017-11-24 08:00:00,2017-11-24 00:00:00,64.07,2017-11-24 14:00:00,47.25,2017-11-25 06:00:00,2017-11-25 00:00:00,66.17,2017-11-25 15:00:00,44.2,2017-11-26 06:00:00,2017-11-26 00:00:00,69.46,2017-11-26 15:00:00,47.88,2017-11-27 06:00:00
30.183475,-81.8026334,2017-11-19 10:41:54,64.75,2017-11-19 00:00:00,65.92,2017-11-19 08:00:00,40.63,2017-11-20 06:00:00,2017-11-20 00:00:00,66.83,2017-11-20 15:00:00,58.85,2017-11-20 20:00:00,2017-11-21 00:00:00,69.75,2017-11-21 12:00:00,58.08,2017-11-22 06:00:00,2017-11-22 00:00:00,67.1,2017-11-22 13:00:00,57,2017-11-23 06:00:00,2017-11-23 00:00:00,63.06,2017-11-23 11:00:00,55.6,2017-11-24 08:00:00,2017-11-24 00:00:00,64.07,2017-11-24 14:00:00,47.25,2017-11-25 06:00:00,2017-11-25 00:00:00,66.17,2017-11-25 15:00:00,44.2,2017-11-26 06:00:00,2017-11-26 00:00:00,69.46,2017-11-26 15:00:00,47.88,2017-11-27 06:00:00
30.183475,-81.8026334,2017-11-19 11:32:18,63.61,2017-11-19 00:00:00,65.92,2017-11-19 08:00:00,40.63,2017-11-20 06:00:00,2017-11-20 00:00:00,66.83,2017-11-20 15:00:00,58.85,2017-11-20 20:00:00,2017-11-21 00:00:00,69.75,2017-11-21 12:00:00,58.08,2017-11-22 06:00:00,2017-11-22 00:00:00,67.1,2017-11-22 13:00:00,57,2017-11-23 06:00:00,2017-11-23 00:00:00,63.06,2017-11-23 11:00:00,55.6,2017-11-24 08:00:00,2017-11-24 00:00:00,64.07,2017-11-24 14:00:00,47.25,2017-11-25 06:00:00,2017-11-25 00:00:00,66.17,2017-11-25 15:00:00,44.2,2017-11-26 06:00:00,2017-11-26 00:00:00,69.46,2017-11-26 15:00:00,47.88,2017-11-27 06:00:00
30.183475,-81.8026334,2017-11-19 18:08:33,61.97,2017-11-19 00:00:00,69.65,2017-11-19 15:00:00,43.51,2017-11-20 06:00:00,2017-11-20 00:00:00,67.88,2017-11-20 14:00:00,58.1,2017-11-20 21:00:00,2017-11-21 00:00:00,70.58,2017-11-21 13:00:00,58.08,2017-11-22 06:00:00,2017-11-22 00:00:00,67.1,2017-11-22 13:00:00,54.58,2017-11-23 06:00:00,2017-11-23 00:00:00,62.28,2017-11-23 13:00:00,47.53,2017-11-24 07:00:00,2017-11-24 00:00:00,62.26,2017-11-24 15:00:00,41.73,2017-11-25 06:00:00,2017-11-25 00:00:00,63.95,2017-11-25 15:00:00,44.49,2017-11-26 06:00:00,2017-11-26 00:00:00,67.18,2017-11-26 14:00:00,41.73,2017-11-27 07:00:00
30.183475,-81.8026334,2017-11-19 18:09:42,61.91,2017-11-19 00:00:00,69.65,2017-11-19 15:00:00,43.51,2017-11-20 06:00:00,2017-11-20 00:00:00,67.88,2017-11-20 14:00:00,58.1,2017-11-20 21:00:00,2017-11-21 00:00:00,70.58,2017-11-21 13:00:00,58.08,2017-11-22 06:00:00,2017-11-22 00:00:00,67.1,2017-11-22 13:00:00,54.58,2017-11-23 06:00:00,2017-11-23 00:00:00,62.28,2017-11-23 13:00:00,47.53,2017-11-24 07:00:00,2017-11-24 00:00:00,62.26,2017-11-24 15:00:00,41.73,2017-11-25 06:00:00,2017-11-25 00:00:00,63.95,2017-11-25 15:00:00,44.49,2017-11-26 06:00:00,2017-11-26 00:00:00,67.18,2017-11-26 14:00:00,41.73,2017-11-27 07:00:00
30.183475,-81.8026334,2017-11-19 18:14:42,61.68,2017-11-19 00:00:00,69.65,2017-11-19 15:00:00,43.51,2017-11-20 06:00:00,2017-11-20 00:00:00,67.88,2017-11-20 14:00:00,58.1,2017-11-20 21:00:00,2017-11-21 00:00:00,70.58,2017-11-21 13:00:00,58.08,2017-11-22 06:00:00,2017-11-22 00:00:00,67.1,2017-11-22 13:00:00,54.58,2017-11-23 06:00:00,2017-11-23 00:00:00,62.28,2017-11-23 13:00:00,47.53,2017-11-24 07:00:00,2017-11-24 00:00:00,62.26,2017-11-24 15:00:00,41.73,2017-11-25 06:00:00,2017-11-25 00:00:00,63.95,2017-11-25 15:00:00,44.49,2017-11-26 06:00:00,2017-11-26 00:00:00,67.18,2017-11-26 14:00:00,41.73,2017-11-27 07:00:00
30.183475,-81.8026334,2017-11-19 18:19:43,61.45,2017-11-19 00:00:00,69.65,2017-11-19 15:00:00,43.51,2017-11-20 06:00:00,2017-11-20 00:00:00,67.88,2017-11-20 14:00:00,58.1,2017-11-20 21:00:00,2017-11-21 00:00:00,70.58,2017-11-21 13:00:00,58.08,2017-11-22 06:00:00,2017-11-22 00:00:00,67.1,2017-11-22 13:00:00,54.58,2017-11-23 06:00:00,2017-11-23 00:00:00,62.28,2017-11-23 13:00:00,47.53,2017-11-24 07:00:00,2017-11-24 00:00:00,62.26,2017-11-24 15:00:00,41.73,2017-11-25 06:00:00,2017-11-25 00:00:00,63.95,2017-11-25 15:00:00,44.49,2017-11-26 06:00:00,2017-11-26 00:00:00,67.18,2017-11-26 14:00:00,41.73,2017-11-27 07:00:00
30.183475,-81.8026334,2017-11-19 18:24:44,61.22,2017-11-19 00:00:00,69.65,2017-11-19 15:00:00,43.51,2017-11-20 06:00:00,2017-11-20 00:00:00,67.88,2017-11-20 14:00:00,58.1,2017-11-20 21:00:00,2017-11-21 00:00:00,70.58,2017-11-21 13:00:00,58.08,2017-11-22 06:00:00,2017-11-22 00:00:00,67.1,2017-11-22 13:00:00,54.58,2017-11-23 06:00:00,2017-11-23 00:00:00,62.28,2017-11-23 13:00:00,47.53,2017-11-24 07:00:00,2017-11-24 00:00:00,62.26,2017-11-24 15:00:00,41.73,2017-11-25 06:00:00,2017-11-25 00:00:00,63.95,2017-11-25 15:00:00,44.49,2017-11-26 06:00:00,2017-11-26 00:00:00,67.18,2017-11-26 14:00:00,41.73,2017-11-27 07:00:00
30.183475,-81.8026334,2017-11-19 18:29:44,60.99,2017-11-19 00:00:00,69.65,2017-11-19 15:00:00,43.51,2017-11-20 06:00:00,2017-11-20 00:00:00,67.88,2017-11-20 14:00:00,58.1,2017-11-20 21:00:00,2017-11-21 00:00:00,70.58,2017-11-21 13:00:00,58.08,2017-11-22 06:00:00,2017-11-22 00:00:00,67.1,2017-11-22 13:00:00,54.58,2017-11-23 06:00:00,2017-11-23 00:00:00,62.28,2017-11-23 13:00:00,47.53,2017-11-24 07:00:00,2017-11-24 00:00:00,62.26,2017-11-24 15:00:00,41.73,2017-11-25 06:00:00,2017-11-25 00:00:00,63.95,2017-11-25 15:00:00,44.49,2017-11-26 06:00:00,2017-11-26 00:00:00,67.18,2017-11-26 14:00:00,41.73,2017-11-27 07:00:00
30.183475,-81.8026334,2017-11-19 18:34:45,60.76,2017-11-19 00:00:00,69.65,2017-11-19 15:00:00,43.51,2017-11-20 06:00:00,2017-11-20 00:00:00,67.88,2017-11-20 14:00:00,58.1,2017-11-20 21:00:00,2017-11-21 00:00:00,70.58,2017-11-21 13:00:00,58.08,2017-11-22 06:00:00,2017-11-22 00:00:00,67.1,2017-11-22 13:00:00,54.58,2017-11-23 06:00:00,2017-11-23 00:00:00,62.28,2017-11-23 13:00:00,47.53,2017-11-24 07:00:00,2017-11-24 00:00:00,62.26,2017-11-24 15:00:00,41.73,2017-11-25 06:00:00,2017-11-25 00:00:00,63.95,2017-11-25 15:00:00,44.49,2017-11-26 06:00:00,2017-11-26 00:00:00,67.18,2017-11-26 14:00:00,41.73,2017-11-27 07:00:00
30.183475,-81.8026334,2017-11-19 18:39:45,58.49,2017-11-19 00:00:00,69.65,2017-11-19 15:00:00,43.51,2017-11-20 06:00:00,2017-11-20 00:00:00,67.88,2017-11-20 14:00:00,58.1,2017-11-20 21:00:00,2017-11-21 00:00:00,70.58,2017-11-21 13:00:00,58.08,2017-11-22 06:00:00,2017-11-22 00:00:00,67.1,2017-11-22 13:00:00,54.58,2017-11-23 06:00:00,2017-11-23 00:00:00,62.28,2017-11-23 13:00:00,47.53,2017-11-24 07:00:00,2017-11-24 00:00:00,62.26,2017-11-24 15:00:00,41.73,2017-11-25 06:00:00,2017-11-25 00:00:00,63.95,2017-11-25 15:00:00,44.49,2017-11-26 06:00:00,2017-11-26 00:00:00,67.18,2017-11-26 14:00:00,41.73,2017-11-27 07:00:00
30.183475,-81.8026334,2017-11-19 18:44:46,58.29,2017-11-19 00:00:00,69.65,2017-11-19 15:00:00,43.51,2017-11-20 06:00:00,2017-11-20 00:00:00,67.88,2017-11-20 14:00:00,58.1,2017-11-20 21:00:00,2017-11-21 00:00:00,70.58,2017-11-21 13:00:00,58.08,2017-11-22 06:00:00,2017-11-22 00:00:00,67.1,2017-11-22 13:00:00,54.58,2017-11-23 06:00:00,2017-11-23 00:00:00,62.28,2017-11-23 13:00:00,47.53,2017-11-24 07:00:00,2017-11-24 00:00:00,62.26,2017-11-24 15:00:00,41.73,2017-11-25 06:00:00,2017-11-25 00:00:00,63.95,2017-11-25 15:00:00,44.49,2017-11-26 06:00:00,2017-11-26 00:00:00,67.18,2017-11-26 14:00:00,41.73,2017-11-27 07:00:00
30.183475,-81.8026334,2017-11-19 18:49:46,58.1,2017-11-19 00:00:00,69.65,2017-11-19 15:00:00,43.51,2017-11-20 06:00:00,2017-11-20 00:00:00,67.88,2017-11-20 14:00:00,58.1,2017-11-20 21:00:00,2017-11-21 00:00:00,70.58,2017-11-21 13:00:00,58.08,2017-11-22 06:00:00,2017-11-22 00:00:00,67.1,2017-11-22 13:00:00,54.58,2017-11-23 06:00:00,2017-11-23 00:00:00,62.28,2017-11-23 13:00:00,47.53,2017-11-24 07:00:00,2017-11-24 00:00:00,62.26,2017-11-24 15:00:00,41.73,2017-11-25 06:00:00,2017-11-25 00:00:00,63.95,2017-11-25 15:00:00,44.49,2017-11-26 06:00:00,2017-11-26 00:00:00,67.18,2017-11-26 14:00:00,41.73,2017-11-27 07:00:00
30.183475,-81.8026334,2017-11-19 18:54:46,57.9,2017-11-19 00:00:00,69.65,2017-11-19 15:00:00,43.51,2017-11-20 06:00:00,2017-11-20 00:00:00,67.88,2017-11-20 14:00:00,58.1,2017-11-20 21:00:00,2017-11-21 00:00:00,70.58,2017-11-21 13:00:00,58.08,2017-11-22 06:00:00,2017-11-22 00:00:00,67.1,2017-11-22 13:00:00,54.58,2017-11-23 06:00:00,2017-11-23 00:00:00,62.28,2017-11-23 13:00:00,47.53,2017-11-24 07:00:00,2017-11-24 00:00:00,62.26,2017-11-24 15:00:00,41.73,2017-11-25 06:00:00,2017-11-25 00:00:00,63.95,2017-11-25 15:00:00,44.49,2017-11-26 06:00:00,2017-11-26 00:00:00,67.18,2017-11-26 14:00:00,41.73,2017-11-27 07:00:00
30.183475,-81.8026334,2017-11-19 18:59:47,57.71,2017-11-19 00:00:00,69.65,2017-11-19 15:00:00,43.51,2017-11-20 06:00:00,2017-11-20 00:00:00,67.88,2017-11-20 14:00:00,58.1,2017-11-20 21:00:00,2017-11-21 00:00:00,70.58,2017-11-21 13:00:00,58.08,2017-11-22 06:00:00,2017-11-22 00:00:00,67.1,2017-11-22 13:00:00,54.58,2017-11-23 06:00:00,2017-11-23 00:00:00,62.28,2017-11-23 13:00:00,47.53,2017-11-24 07:00:00,2017-11-24 00:00:00,62.26,2017-11-24 15:00:00,41.73,2017-11-25 06:00:00,2017-11-25 00:00:00,63.95,2017-11-25 15:00:00,44.49,2017-11-26 06:00:00,2017-11-26 00:00:00,67.18,2017-11-26 14:00:00,41.73,2017-11-27 07:00:00
30.183475,-81.8026334,2017-11-19 19:04:47,57.57,2017-11-19 00:00:00,69.65,2017-11-19 15:00:00,43.51,2017-11-20 06:00:00,2017-11-20 00:00:00,67.88,2017-11-20 14:00:00,58.1,2017-11-20 21:00:00,2017-11-21 00:00:00,70.58,2017-11-21 13:00:00,58.08,2017-11-22 06:00:00,2017-11-22 00:00:00,67.1,2017-11-22 13:00:00,54.58,2017-11-23 06:00:00,2017-11-23 00:00:00,62.28,2017-11-23 13:00:00,47.53,2017-11-24 07:00:00,2017-11-24 00:00:00,62.26,2017-11-24 15:00:00,41.73,2017-11-25 06:00:00,2017-11-25 00:00:00,63.95,2017-11-25 15:00:00,44.49,2017-11-26 06:00:00,2017-11-26 00:00:00,67.18,2017-11-26 14:00:00,41.73,2017-11-27 07:00:00
30.183475,-81.8026334,2017-11-19 19:09:48,57.44,2017-11-19 00:00:00,69.65,2017-11-19 15:00:00,43.51,2017-11-20 06:00:00,2017-11-20 00:00:00,67.88,2017-11-20 14:00:00,58.1,2017-11-20 21:00:00,2017-11-21 00:00:00,70.58,2017-11-21 13:00:00,58.08,2017-11-22 06:00:00,2017-11-22 00:00:00,67.1,2017-11-22 13:00:00,54.58,2017-11-23 06:00:00,2017-11-23 00:00:00,62.28,2017-11-23 13:00:00,47.53,2017-11-24 07:00:00,2017-11-24 00:00:00,62.26,2017-11-24 15:00:00,41.73,2017-11-25 06:00:00,2017-11-25 00:00:00,63.95,2017-11-25 15:00:00,44.49,2017-11-26 06:00:00,2017-11-26 00:00:00,67.18,2017-11-26 14:00:00,41.73,2017-11-27 07:00:00
30.183475,-81.8026334,2017-11-19 19:14:48,57.2,2017-11-19 00:00:00,69.65,2017-11-19 15:00:00,43.51,2017-11-20 06:00:00,2017-11-20 00:00:00,67.88,2017-11-20 14:00:00,58.1,2017-11-20 21:00:00,2017-11-21 00:00:00,70.58,2017-11-21 13:00:00,58.08,2017-11-22 06:00:00,2017-11-22 00:00:00,67.1,2017-11-22 13:00:00,54.58,2017-11-23 06:00:00,2017-11-23 00:00:00,62.28,2017-11-23 13:00:00,47.53,2017-11-24 07:00:00,2017-11-24 00:00:00,62.26,2017-11-24 15:00:00,41.73,2017-11-25 06:00:00,2017-11-25 00:00:00,63.95,2017-11-25 15:00:00,44.49,2017-11-26 06:00:00,2017-11-26 00:00:00,67.18,2017-11-26 14:00:00,41.73,2017-11-27 07:00:00
30.183475,-81.8026334,2017-11-19 19:52:59,55.41,2017-11-19 00:00:00,69.65,2017-11-19 15:00:00,43.76,2017-11-20 06:00:00,2017-11-20 00:00:00,66.93,2017-11-20 14:00:00,58.64,2017-11-20 20:00:00,2017-11-21 00:00:00,70.57,2017-11-21 13:00:00,58.3,2017-11-22 06:00:00,2017-11-22 00:00:00,66.94,2017-11-22 13:00:00,54.76,2017-11-23 06:00:00,2017-11-23 00:00:00,61.66,2017-11-23 13:00:00,47.22,2017-11-24 07:00:00,2017-11-24 00:00:00,60.65,2017-11-24 14:00:00,39.54,2017-11-25 06:00:00,2017-11-25 00:00:00,63.15,2017-11-25 15:00:00,44.64,2017-11-26 06:00:00,2017-11-26 00:00:00,67.37,2017-11-26 14:00:00,41.3,2017-11-27 07:00:00
30.183475,-81.8026334,2017-11-19 19:58:00,55.4,2017-11-19 00:00:00,69.65,2017-11-19 15:00:00,42.95,2017-11-20 06:00:00,2017-11-20 00:00:00,66.93,2017-11-20 14:00:00,58.64,2017-11-20 20:00:00,2017-11-21 00:00:00,70.57,2017-11-21 13:00:00,58.3,2017-11-22 06:00:00,2017-11-22 00:00:00,66.94,2017-11-22 13:00:00,54.76,2017-11-23 06:00:00,2017-11-23 00:00:00,61.66,2017-11-23 13:00:00,47.22,2017-11-24 07:00:00,2017-11-24 00:00:00,60.65,2017-11-24 14:00:00,39.54,2017-11-25 06:00:00,2017-11-25 00:00:00,63.15,2017-11-25 15:00:00,44.64,2017-11-26 06:00:00,2017-11-26 00:00:00,67.37,2017-11-26 14:00:00,41.3,2017-11-27 07:00:00
30.183475,-81.8026334,2017-11-19 20:03:00,55,2017-11-19 00:00:00,69.65,2017-11-19 15:00:00,42.91,2017-11-20 06:00:00,2017-11-20 00:00:00,66.93,2017-11-20 14:00:00,58.64,2017-11-20 20:00:00,2017-11-21 00:00:00,70.57,2017-11-21 13:00:00,58.3,2017-11-22 06:00:00,2017-11-22 00:00:00,66.94,2017-11-22 13:00:00,54.76,2017-11-23 06:00:00,2017-11-23 00:00:00,61.66,2017-11-23 13:00:00,47.22,2017-11-24 07:00:00,2017-11-24 00:00:00,60.65,2017-11-24 14:00:00,39.54,2017-11-25 06:00:00,2017-11-25 00:00:00,63.15,2017-11-25 15:00:00,44.64,2017-11-26 06:00:00,2017-11-26 00:00:00,67.37,2017-11-26 14:00:00,41.3,2017-11-27 07:00:00
30.183475,-81.8026334,2017-11-19 20:08:01,55.16,2017-11-19 00:00:00,69.65,2017-11-19 15:00:00,42.95,2017-11-20 06:00:00,2017-11-20 00:00:00,67.6,2017-11-20 14:00:00,59.67,2017-11-21 06:00:00,2017-11-21 00:00:00,70.4,2017-11-21 13:00:00,58.45,2017-11-22 07:00:00,2017-11-22 00:00:00,66.94,2017-11-22 13:00:00,54.76,2017-11-23 06:00:00,2017-11-23 00:00:00,61.66,2017-11-23 13:00:00,47.22,2017-11-24 07:00:00,2017-11-24 00:00:00,60.65,2017-11-24 14:00:00,39.54,2017-11-25 06:00:00,2017-11-25 00:00:00,63.15,2017-11-25 15:00:00,44.64,2017-11-26 06:00:00,2017-11-26 00:00:00,67.37,2017-11-26 14:00:00,41.3,2017-11-27 07:00:00
30.183475,-81.8026334,2017-11-20 19:58:56,64.52,2017-11-20 00:00:00,71.31,2017-11-20 15:00:00,61.62,2017-11-21 06:00:00,2017-11-21 00:00:00,73.3,2017-11-21 13:00:00,60.33,2017-11-22 06:00:00,2017-11-22 00:00:00,71.16,2017-11-22 14:00:00,61.67,2017-11-23 08:00:00,2017-11-23 00:00:00,61.87,2017-11-23 07:00:00,53.39,2017-11-24 07:00:00,2017-11-24 00:00:00,65.12,2017-11-24 14:00:00,51.24,2017-11-25 06:00:00,2017-11-25 00:00:00,68.58,2017-11-25 15:00:00,46.96,2017-11-26 06:00:00,2017-11-26 00:00:00,67.15,2017-11-26 15:00:00,39.85,2017-11-27 06:00:00,2017-11-27 00:00:00,57.22,2017-11-27 14:00:00,41.72,2017-11-28 06:00:00
30.183475,-81.8026334,2017-11-21 18:52:43,65.95,2017-11-21 00:00:00,77.14,2017-11-21 13:00:00,60.33,2017-11-22 07:00:00,2017-11-22 00:00:00,70.07,2017-11-22 14:00:00,61.1,2017-11-23 07:00:00,2017-11-23 00:00:00,64.9,2017-11-23 13:00:00,56.65,2017-11-24 06:00:00,2017-11-24 00:00:00,65.1,2017-11-24 14:00:00,54.43,2017-11-25 07:00:00,2017-11-25 00:00:00,69.56,2017-11-25 15:00:00,47.52,2017-11-26 07:00:00,2017-11-26 00:00:00,68.76,2017-11-26 15:00:00,45.6,2017-11-27 06:00:00,2017-11-27 00:00:00,67.02,2017-11-27 14:00:00,52.39,2017-11-28 01:00:00,2017-11-28 00:00:00,72.21,2017-11-28 14:00:00,57.94,2017-11-29 01:00:00
30.183475,-81.8026334,2017-12-08 18:57:58,47.18,2017-12-08 00:00:00,53.49,2017-12-08 15:00:00,43.79,2017-12-09 08:00:00,2017-12-09 00:00:00,49.32,2017-12-09 15:00:00,30.98,2017-12-10 07:00:00,2017-12-10 00:00:00,52.49,2017-12-10 16:00:00,29.99,2017-12-11 07:00:00,2017-12-11 00:00:00,57.79,2017-12-11 16:00:00,35.84,2017-12-12 02:00:00,2017-12-12 00:00:00,64.07,2017-12-12 15:00:00,29.96,2017-12-13 07:00:00,2017-12-13 00:00:00,50.97,2017-12-13 16:00:00,26.01,2017-12-14 06:00:00,2017-12-14 00:00:00,58.98,2017-12-14 15:00:00,41.25,2017-12-15 07:00:00,2017-12-15 00:00:00,60.48,2017-12-15 15:00:00,33.09,2017-12-16 06:00:00
30.183475,-81.8026334,2017-12-17 10:21:12,59.37,2017-12-17 00:00:00,74.91,2017-12-17 16:00:00,58.06,2017-12-18 07:00:00,2017-12-18 00:00:00,77.37,2017-12-18 14:00:00,62.29,2017-12-19 06:00:00,2017-12-19 00:00:00,78.15,2017-12-19 15:00:00,59.21,2017-12-20 06:00:00,2017-12-20 00:00:00,76.27,2017-12-20 15:00:00,64.3,2017-12-21 08:00:00,2017-12-21 00:00:00,74.47,2017-12-21 15:00:00,56.1,2017-12-22 06:00:00,2017-12-22 00:00:00,70.5,2017-12-22 15:00:00,56.68,2017-12-23 06:00:00,2017-12-23 00:00:00,78.89,2017-12-23 15:00:00,58.37,2017-12-24 06:00:00,2017-12-24 00:00:00,79.47,2017-12-24 15:00:00,63.66,2017-12-25 01:00:00
30.183475,-81.8026334,2018-08-02 20:55:34,73.96,2018-08-02 00:00:00,89.79,2018-08-02 14:00:00,73.18,2018-08-03 04:00:00,2018-08-03 00:00:00,88.73,2018-08-03 15:00:00,73.84,2018-08-04 05:00:00,2018-08-04 00:00:00,89.8,2018-08-04 15:00:00,73.28,2018-08-05 05:00:00,2018-08-05 00:00:00,90.6,2018-08-05 16:00:00,72.18,2018-08-06 04:00:00,2018-08-06 00:00:00,89.54,2018-08-06 15:00:00,72.61,2018-08-07 04:00:00,2018-08-07 00:00:00,92.29,2018-08-07 15:00:00,73.49,2018-08-08 05:00:00,2018-08-08 00:00:00,90.33,2018-08-08 15:00:00,73.6,2018-08-09 05:00:00,2018-08-09 00:00:00,90.19,2018-08-09 15:00:00,72.74,2018-08-10 05:00:00
30.183475,-81.8026334,2018-08-02 21:00:34,73.89,2018-08-02 00:00:00,89.79,2018-08-02 14:00:00,71.91,2018-08-03 04:00:00,2018-08-03 00:00:00,88.73,2018-08-03 15:00:00,73.84,2018-08-04 05:00:00,2018-08-04 00:00:00,89.8,2018-08-04 15:00:00,73.28,2018-08-05 05:00:00,2018-08-05 00:00:00,90.6,2018-08-05 16:00:00,72.18,2018-08-06 04:00:00,2018-08-06 00:00:00,89.54,2018-08-06 15:00:00,72.61,2018-08-07 04:00:00,2018-08-07 00:00:00,92.29,2018-08-07 15:00:00,73.49,2018-08-08 05:00:00,2018-08-08 00:00:00,90.33,2018-08-08 15:00:00,73.6,2018-08-09 05:00:00,2018-08-09 00:00:00,90.19,2018-08-09 15:00:00,72.74,2018-08-10 05:00:00
30.183475,-81.8026334,2018-08-02 21:05:35,74.09,2018-08-02 00:00:00,89.79,2018-08-02 14:00:00,71.91,2018-08-03 04:00:00,2018-08-03 00:00:00,88.72,2018-08-03 15:00:00,73.85,2018-08-04 06:00:00,2018-08-04 00:00:00,89.67,2018-08-04 15:00:00,73.27,2018-08-05 05:00:00,2018-08-05 00:00:00,90.05,2018-08-05 16:00:00,74.47,2018-08-06 04:00:00,2018-08-06 00:00:00,89.54,2018-08-06 15:00:00,72.61,2018-08-07 04:00:00,2018-08-07 00:00:00,92.29,2018-08-07 15:00:00,73.49,2018-08-08 05:00:00,2018-08-08 00:00:00,90.33,2018-08-08 15:00:00,73.6,2018-08-09 05:00:00,2018-08-09 00:00:00,90.19,2018-08-09 15:00:00,72.74,2018-08-10 05:00:00
30.183475,-81.8026334,2018-08-04 07:29:17,76.33,2018-08-04 00:00:00,89.68,2018-08-04 15:00:00,73.54,2018-08-05 05:00:00,2018-08-05 00:00:00,90.59,2018-08-05 15:00:00,73.3,2018-08-06 05:00:00,2018-08-06 00:00:00,90.55,2018-08-06 15:00:00,74.27,2018-08-07 04:00:00,2018-08-07 00:00:00,93.4,2018-08-07 15:00:00,75,2018-08-08 05:00:00,2018-08-08 00:00:00,91.63,2018-08-08 14:00:00,74.69,2018-08-09 06:00:00,2018-08-09 00:00:00,93.1,2018-08-09 15:00:00,75.16,2018-08-10 06:00:00,2018-08-10 00:00:00,92.22,2018-08-10 16:00:00,74.75,2018-08-11 06:00:00,2018-08-11 00:00:00,90.87,2018-08-11 15:00:00,75.12,2018-08-12 06:00:00
30.183475,-81.8026334,2018-08-04 07:46:20,76.07,2018-08-04 00:00:00,89.68,2018-08-04 15:00:00,73.54,2018-08-05 05:00:00,2018-08-05 00:00:00,90.59,2018-08-05 15:00:00,73.3,2018-08-06 05:00:00,2018-08-06 00:00:00,90.55,2018-08-06 15:00:00,74.26,2018-08-07 04:00:00,2018-08-07 00:00:00,93.4,2018-08-07 15:00:00,74.99,2018-08-08 05:00:00,2018-08-08 00:00:00,91.63,2018-08-08 14:00:00,74.69,2018-08-09 06:00:00,2018-08-09 00:00:00,93.1,2018-08-09 15:00:00,75.15,2018-08-10 06:00:00,2018-08-10 00:00:00,92.22,2018-08-10 16:00:00,74.75,2018-08-11 06:00:00,2018-08-11 00:00:00,90.87,2018-08-11 15:00:00,75.12,2018-08-12 06:00:00
30.183475,-81.8026334,2018-08-04 07:51:21,76.17,2018-08-04 00:00:00,89.68,2018-08-04 15:00:00,73.54,2018-08-05 05:00:00,2018-08-05 00:00:00,90.59,2018-08-05 15:00:00,73.3,2018-08-06 05:00:00,2018-08-06 00:00:00,90.55,2018-08-06 15:00:00,74.26,2018-08-07 04:00:00,2018-08-07 00:00:00,93.4,2018-08-07 15:00:00,74.99,2018-08-08 05:00:00,2018-08-08 00:00:00,91.63,2018-08-08 14:00:00,74.69,2018-08-09 06:00:00,2018-08-09 00:00:00,93.1,2018-08-09 15:00:00,75.15,2018-08-10 06:00:00,2018-08-10 00:00:00,92.22,2018-08-10 16:00:00,74.75,2018-08-11 06:00:00,2018-08-11 00:00:00,90.87,2018-08-11 15:00:00,75.12,2018-08-12 06:00:00
30.183475,-81.8026334,2018-08-04 07:55:48,76.77,2018-08-04 00:00:00,90.06,2018-08-04 15:00:00,73.89,2018-08-05 05:00:00,2018-08-05 00:00:00,90.64,2018-08-05 15:00:00,73.3,2018-08-06 05:00:00,2018-08-06 00:00:00,90.55,2018-08-06 15:00:00,74.26,2018-08-07 04:00:00,2018-08-07 00:00:00,93.4,2018-08-07 15:00:00,74.99,2018-08-08 05:00:00,2018-08-08 00:00:00,91.63,2018-08-08 14:00:00,74.69,2018-08-09 06:00:00,2018-08-09 00:00:00,93.1,2018-08-09 15:00:00,75.15,2018-08-10 06:00:00,2018-08-10 00:00:00,92.22,2018-08-10 16:00:00,74.75,2018-08-11 06:00:00,2018-08-11 00:00:00,90.87,2018-08-11 15:00:00,75.12,2018-08-12 06:00:00
30.183475,-81.8026334,2018-08-04 08:00:48,76.92,2018-08-04 00:00:00,90.06,2018-08-04 15:00:00,73.88,2018-08-05 05:00:00,2018-08-05 00:00:00,90.64,2018-08-05 15:00:00,73.3,2018-08-06 05:00:00,2018-08-06 00:00:00,90.55,2018-08-06 15:00:00,74.26,2018-08-07 04:00:00,2018-08-07 00:00:00,93.4,2018-08-07 15:00:00,74.99,2018-08-08 05:00:00,2018-08-08 00:00:00,91.63,2018-08-08 14:00:00,74.69,2018-08-09 06:00:00,2018-08-09 00:00:00,93.1,2018-08-09 15:00:00,75.15,2018-08-10 06:00:00,2018-08-10 00:00:00,92.22,2018-08-10 16:00:00,74.75,2018-08-11 06:00:00,2018-08-11 00:00:00,90.87,2018-08-11 15:00:00,75.12,2018-08-12 06:00:00
30.183475,-81.8026334,2018-08-04 08:10:49,76.84,2018-08-04 00:00:00,90.04,2018-08-04 15:00:00,73.88,2018-08-05 05:00:00,2018-08-05 00:00:00,90.64,2018-08-05 15:00:00,73.31,2018-08-06 06:00:00,2018-08-06 00:00:00,90.57,2018-08-06 15:00:00,72.81,2018-08-07 06:00:00,2018-08-07 00:00:00,93.49,2018-08-07 15:00:00,74.82,2018-08-08 05:00:00,2018-08-08 00:00:00,92.18,2018-08-08 14:00:00,76.76,2018-08-09 05:00:00,2018-08-09 00:00:00,91.96,2018-08-09 14:00:00,74.63,2018-08-10 06:00:00,2018-08-10 00:00:00,91.65,2018-08-10 14:00:00,75.08,2018-08-11 06:00:00,2018-08-11 00:00:00,88.95,2018-08-11 15:00:00,74.44,2018-08-12 05:00:00
30.183475,-81.8026334,2018-08-07 21:50:10,82.28,2018-08-07 00:00:00,92.68,2018-08-07 17:00:00,76.65,2018-08-08 06:00:00,2018-08-08 00:00:00,97.5,2018-08-08 15:00:00,75.5,2018-08-09 06:00:00,2018-08-09 00:00:00,95.1,2018-08-09 15:00:00,76.51,2018-08-10 06:00:00,2018-08-10 00:00:00,94.64,2018-08-10 14:00:00,76.99,2018-08-11 03:00:00,2018-08-11 00:00:00,92.76,2018-08-11 14:00:00,75.42,2018-08-12 06:00:00,2018-08-12 00:00:00,90.32,2018-08-12 14:00:00,75.18,2018-08-13 06:00:00,2018-08-13 00:00:00,91.3,2018-08-13 17:00:00,73.33,2018-08-14 06:00:00,2018-08-14 00:00:00,93.78,2018-08-14 14:00:00,74.13,2018-08-15 06:00:00
30.183475,-81.8026334,2018-08-07 22:00:51,81.91,2018-08-07 00:00:00,92.68,2018-08-07 17:00:00,76.65,2018-08-08 06:00:00,2018-08-08 00:00:00,97.5,2018-08-08 15:00:00,75.5,2018-08-09 06:00:00,2018-08-09 00:00:00,95.1,2018-08-09 15:00:00,76.51,2018-08-10 06:00:00,2018-08-10 00:00:00,94.64,2018-08-10 14:00:00,76.99,2018-08-11 03:00:00,2018-08-11 00:00:00,92.76,2018-08-11 14:00:00,75.42,2018-08-12 06:00:00,2018-08-12 00:00:00,90.32,2018-08-12 14:00:00,75.18,2018-08-13 06:00:00,2018-08-13 00:00:00,91.3,2018-08-13 17:00:00,73.33,2018-08-14 06:00:00,2018-08-14 00:00:00,93.78,2018-08-14 14:00:00,74.13,2018-08-15 06:00:00
30.183475,-81.8026334,2018-08-07 22:09:32,81.64,2018-08-07 00:00:00,92.68,2018-08-07 17:00:00,76.65,2018-08-08 06:00:00,2018-08-08 00:00:00,97.5,2018-08-08 15:00:00,75.5,2018-08-09 06:00:00,2018-08-09 00:00:00,95.1,2018-08-09 15:00:00,76.51,2018-08-10 06:00:00,2018-08-10 00:00:00,94.64,2018-08-10 14:00:00,76.98,2018-08-11 03:00:00,2018-08-11 00:00:00,92.76,2018-08-11 14:00:00,75.42,2018-08-12 06:00:00,2018-08-12 00:00:00,90.32,2018-08-12 14:00:00,75.18,2018-08-13 06:00:00,2018-08-13 00:00:00,91.3,2018-08-13 17:00:00,73.33,2018-08-14 06:00:00,2018-08-14 00:00:00,93.78,2018-08-14 14:00:00,74.13,2018-08-15 06:00:00
30.183475,-81.8026334,2018-08-07 22:12:50,81.53,2018-08-07 00:00:00,92.68,2018-08-07 17:00:00,76.65,2018-08-08 06:00:00,2018-08-08 00:00:00,97.5,2018-08-08 15:00:00,75.5,2018-08-09 06:00:00,2018-08-09 00:00:00,95.1,2018-08-09 15:00:00,76.51,2018-08-10 06:00:00,2018-08-10 00:00:00,94.64,2018-08-10 14:00:00,76.98,2018-08-11 03:00:00,2018-08-11 00:00:00,92.76,2018-08-11 14:00:00,75.42,2018-08-12 06:00:00,2018-08-12 00:00:00,90.32,2018-08-12 14:00:00,75.18,2018-08-13 06:00:00,2018-08-13 00:00:00,91.3,2018-08-13 17:00:00,73.33,2018-08-14 06:00:00,2018-08-14 00:00:00,93.78,2018-08-14 14:00:00,74.13,2018-08-15 06:00:00
30.183475,-81.8026334,2018-08-07 22:14:11,81.49,2018-08-07 00:00:00,92.68,2018-08-07 17:00:00,76.65,2018-08-08 06:00:00,2018-08-08 00:00:00,97.5,2018-08-08 15:00:00,75.5,2018-08-09 06:00:00,2018-08-09 00:00:00,95.1,2018-08-09 15:00:00,76.51,2018-08-10 06:00:00,2018-08-10 00:00:00,94.64,2018-08-10 14:00:00,76.98,2018-08-11 03:00:00,2018-08-11 00:00:00,92.76,2018-08-11 14:00:00,75.42,2018-08-12 06:00:00,2018-08-12 00:00:00,90.32,2018-08-12 14:00:00,75.18,2018-08-13 06:00:00,2018-08-13 00:00:00,91.3,2018-08-13 17:00:00,73.33,2018-08-14 06:00:00,2018-08-14 00:00:00,93.78,2018-08-14 14:00:00,74.13,2018-08-15 06:00:00
30.183475,-81.8026334,2018-08-07 22:14:22,81.49,2018-08-07 00:00:00,92.68,2018-08-07 17:00:00,76.65,2018-08-08 06:00:00,2018-08-08 00:00:00,97.5,2018-08-08 15:00:00,75.5,2018-08-09 06:00:00,2018-08-09 00:00:00,95.1,2018-08-09 15:00:00,76.51,2018-08-10 06:00:00,2018-08-10 00:00:00,94.65,2018-08-10 14:00:00,76.98,2018-08-11 03:00:00,2018-08-11 00:00:00,92.76,2018-08-11 14:00:00,75.42,2018-08-12 06:00:00,2018-08-12 00:00:00,90.32,2018-08-12 14:00:00,75.18,2018-08-13 06:00:00,2018-08-13 00:00:00,91.3,2018-08-13 17:00:00,73.33,2018-08-14 06:00:00,2018-08-14 00:00:00,93.78,2018-08-14 14:00:00,74.13,2018-08-15 06:00:00
30.183475,-81.8026334,2018-08-07 22:27:40,81.08,2018-08-07 00:00:00,92.68,2018-08-07 17:00:00,76.66,2018-08-08 06:00:00,2018-08-08 00:00:00,97.5,2018-08-08 15:00:00,75.5,2018-08-09 06:00:00,2018-08-09 00:00:00,95.1,2018-08-09 15:00:00,76.51,2018-08-10 06:00:00,2018-08-10 00:00:00,94.65,2018-08-10 14:00:00,76.98,2018-08-11 03:00:00,2018-08-11 00:00:00,92.76,2018-08-11 14:00:00,75.42,2018-08-12 06:00:00,2018-08-12 00:00:00,90.32,2018-08-12 14:00:00,75.18,2018-08-13 06:00:00,2018-08-13 00:00:00,91.3,2018-08-13 17:00:00,73.33,2018-08-14 06:00:00,2018-08-14 00:00:00,93.78,2018-08-14 14:00:00,74.14,2018-08-15 06:00:00
30.183475,-81.8026334,2018-08-07 22:29:42,81.01,2018-08-07 00:00:00,92.68,2018-08-07 17:00:00,76.66,2018-08-08 06:00:00,2018-08-08 00:00:00,97.5,2018-08-08 15:00:00,75.5,2018-08-09 06:00:00,2018-08-09 00:00:00,95.1,2018-08-09 15:00:00,76.51,2018-08-10 06:00:00,2018-08-10 00:00:00,94.65,2018-08-10 14:00:00,76.98,2018-08-11 03:00:00,2018-08-11 00:00:00,92.76,2018-08-11 14:00:00,75.42,2018-08-12 06:00:00,2018-08-12 00:00:00,90.32,2018-08-12 14:00:00,75.18,2018-08-13 06:00:00,2018-08-13 00:00:00,91.3,2018-08-13 17:00:00,73.33,2018-08-14 06:00:00,2018-08-14 00:00:00,93.78,2018-08-14 14:00:00,74.14,2018-08-15 06:00:00
30.183475,-81.8026334,2018-08-07 22:31:13,80.97,2018-08-07 00:00:00,92.68,2018-08-07 17:00:00,76.66,2018-08-08 06:00:00,2018-08-08 00:00:00,97.5,2018-08-08 15:00:00,75.5,2018-08-09 06:00:00,2018-08-09 00:00:00,95.1,2018-08-09 15:00:00,76.5,2018-08-10 06:00:00,2018-08-10 00:00:00,94.65,2018-08-10 14:00:00,76.98,2018-08-11 03:00:00,2018-08-11 00:00:00,92.76,2018-08-11 14:00:00,75.42,2018-08-12 06:00:00,2018-08-12 00:00:00,90.32,2018-08-12 14:00:00,75.18,2018-08-13 06:00:00,2018-08-13 00:00:00,91.3,2018-08-13 17:00:00,73.33,2018-08-14 06:00:00,2018-08-14 00:00:00,93.78,2018-08-14 14:00:00,74.14,2018-08-15 06:00:00
30.183475,-81.8026334,2018-08-07 22:33:39,80.87,2018-08-07 00:00:00,92.68,2018-08-07 17:00:00,76.66,2018-08-08 06:00:00,2018-08-08 00:00:00,97.5,2018-08-08 15:00:00,75.5,2018-08-09 06:00:00,2018-08-09 00:00:00,95.1,2018-08-09 15:00:00,76.5,2018-08-10 06:00:00,2018-08-10 00:00:00,94.65,2018-08-10 14:00:00,76.98,2018-08-11 03:00:00,2018-08-11 00:00:00,92.76,2018-08-11 14:00:00,75.42,2018-08-12 06:00:00,2018-08-12 00:00:00,90.32,2018-08-12 14:00:00,75.18,2018-08-13 06:00:00,2018-08-13 00:00:00,91.3,2018-08-13 17:00:00,73.33,2018-08-14 06:00:00,2018-08-14 00:00:00,93.78,2018-08-14 14:00:00,74.14,2018-08-15 06:00:00
30.183475,-81.8026334,2018-08-17 12:02:37,87.5,2018-08-17 00:00:00,91.36,2018-08-17 15:00:00,75.37,2018-08-18 07:00:00,2018-08-18 00:00:00,93.03,2018-08-18 15:00:00,74.77,2018-08-19 07:00:00,2018-08-19 00:00:00,94.63,2018-08-19 16:00:00,76.91,2018-08-20 07:00:00,2018-08-20 00:00:00,92.4,2018-08-20 14:00:00,76.84,2018-08-21 06:00:00,2018-08-21 00:00:00,92.89,2018-08-21 14:00:00,75.25,2018-08-22 06:00:00,2018-08-22 00:00:00,91.04,2018-08-22 14:00:00,75.24,2018-08-23 07:00:00,2018-08-23 00:00:00,84.42,2018-08-23 14:00:00,73.2,2018-08-24 06:00:00,2018-08-24 00:00:00,88.36,2018-08-24 16:00:00,75.7,2018-08-25 06:00:00
30.183475,-81.8026334,2018-08-18 19:52:06,84.07,2018-08-18 00:00:00,92.16,2018-08-18 17:00:00,75.23,2018-08-19 07:00:00,2018-08-19 00:00:00,92.83,2018-08-19 15:00:00,75.2,2018-08-20 07:00:00,2018-08-20 00:00:00,92.35,2018-08-20 15:00:00,75.7,2018-08-21 07:00:00,2018-08-21 00:00:00,92.02,2018-08-21 15:00:00,75.3,2018-08-22 05:00:00,2018-08-22 00:00:00,91.67,2018-08-22 14:00:00,75.59,2018-08-23 07:00:00,2018-08-23 00:00:00,89.9,2018-08-23 15:00:00,74.43,2018-08-24 04:00:00,2018-08-24 00:00:00,86.8,2018-08-24 14:00:00,74.17,2018-08-25 07:00:00,2018-08-25 00:00:00,88.71,2018-08-25 14:00:00,74.54,2018-08-26 07:00:00
30.183475,-81.8026334,2018-08-23 11:46:01,86.5,2018-08-23 00:00:00,89.77,2018-08-23 14:00:00,74.82,2018-08-24 07:00:00,2018-08-24 00:00:00,86.48,2018-08-24 14:00:00,74.69,2018-08-25 07:00:00,2018-08-25 00:00:00,87.1,2018-08-25 14:00:00,75.08,2018-08-26 06:00:00,2018-08-26 00:00:00,88.08,2018-08-26 14:00:00,76.7,2018-08-27 07:00:00,2018-08-27 00:00:00,89.49,2018-08-27 14:00:00,76.2,2018-08-28 07:00:00,2018-08-28 00:00:00,89.47,2018-08-28 17:00:00,75.28,2018-08-29 06:00:00,2018-08-29 00:00:00,89.01,2018-08-29 17:00:00,75.16,2018-08-30 06:00:00,2018-08-30 00:00:00,89.37,2018-08-30 16:00:00,74.26,2018-08-31 06:00:00
30.183475,-81.8026334,2018-08-27 11:30:09,86.94,2018-08-27 00:00:00,89.66,2018-08-27 14:00:00,75.4,2018-08-28 07:00:00,2018-08-28 00:00:00,86.99,2018-08-28 13:00:00,75.19,2018-08-29 06:00:00,2018-08-29 00:00:00,88.89,2018-08-29 15:00:00,75.92,2018-08-30 07:00:00,2018-08-30 00:00:00,89.83,2018-08-30 15:00:00,75.55,2018-08-31 06:00:00,2018-08-31 00:00:00,89.21,2018-08-31 16:00:00,75.14,2018-09-01 06:00:00,2018-09-01 00:00:00,90.25,2018-09-01 15:00:00,74.89,2018-09-02 06:00:00,2018-09-02 00:00:00,90.27,2018-09-02 15:00:00,75.23,2018-09-03 07:00:00,2018-09-03 00:00:00,89.44,2018-09-03 15:00:00,76.37,2018-09-04 06:00:00
30.183475,-81.8026334,2018-09-06 09:37:33,82.51,2018-09-06 00:00:00,88.21,2018-09-06 15:00:00,75.49,2018-09-07 07:00:00,2018-09-07 00:00:00,88.22,2018-09-07 15:00:00,73.72,2018-09-08 07:00:00,2018-09-08 00:00:00,88.08,2018-09-08 15:00:00,74.11,2018-09-09 07:00:00,2018-09-09 00:00:00,89.88,2018-09-09 15:00:00,73.82,2018-09-10 07:00:00,2018-09-10 00:00:00,90.02,2018-09-10 14:00:00,73.15,2018-09-11 06:00:00,2018-09-11 00:00:00,90,2018-09-11 14:00:00,74.55,2018-09-12 06:00:00,2018-09-12 00:00:00,90.07,2018-09-12 14:00:00,73.66,2018-09-13 07:00:00,2018-09-13 00:00:00,89.71,2018-09-13 15:00:00,74.18,2018-09-14 07:00:00
